record_id,redcap_event_name,start_time,end_time
1000,human_evaluations_arm_2,"2024-10-19 08:48:33","2024-10-19 09:01:16"
1000,human_evaluations_arm_3,,
1000,human_evaluations_arm_4,"2024-10-22 07:56:03","2024-10-22 08:08:23"
1000,human_evaluations_arm_5,,"2024-10-22 13:20:59"
1000,human_evaluations_arm_6,"2024-11-20 13:25:19","2024-11-20 13:33:56"
1000,human_evaluations_arm_9,"2024-10-21 14:12:03","2024-10-21 14:22:14"
1000,human_evaluations_arm_10,"2024-10-21 09:31:37","2024-10-21 10:52:35"
1001,human_evaluations_arm_2,"2024-10-19 09:02:20","2024-10-19 09:12:35"
1001,human_evaluations_arm_3,,
1001,human_evaluations_arm_4,"2024-10-22 08:10:34","2024-10-22 08:22:15"
1001,human_evaluations_arm_5,"2024-10-22 13:46:15","2024-10-22 14:17:18"
1001,human_evaluations_arm_6,"2024-11-20 14:19:36","2024-11-20 14:26:51"
1001,human_evaluations_arm_9,"2024-10-21 14:40:59","2024-10-21 14:48:56"
1001,human_evaluations_arm_10,"2024-10-21 10:53:13","2024-10-21 11:09:20"
1002,human_evaluations_arm_2,"2024-10-19 09:14:25","2024-10-19 09:24:31"
1002,human_evaluations_arm_3,,
1002,human_evaluations_arm_4,"2024-10-22 08:32:19","2024-10-22 08:44:14"
1002,human_evaluations_arm_5,"2024-10-22 14:45:00","2024-10-22 15:14:18"
1002,human_evaluations_arm_6,"2024-11-20 14:31:17","2024-11-20 14:41:31"
1002,human_evaluations_arm_9,"2024-10-21 15:55:01","2024-10-21 16:13:13"
1002,human_evaluations_arm_10,"2024-10-21 11:11:01","2024-10-21 11:40:18"
1003,human_evaluations_arm_2,,
1003,human_evaluations_arm_3,"2024-10-22 20:49:48","2024-10-22 21:06:29"
1003,human_evaluations_arm_4,"2024-10-31 08:47:56","2024-10-31 09:05:47"
1003,human_evaluations_arm_5,,
1003,human_evaluations_arm_6,"2024-11-20 10:42:01","2024-11-20 11:06:11"
1003,human_evaluations_arm_9,"2024-10-29 10:46:25","2024-10-29 11:14:55"
1003,human_evaluations_arm_10,"2024-10-29 10:05:12","2024-10-29 10:24:34"
1004,human_evaluations_arm_2,"2024-10-20 19:40:06","2024-10-20 19:52:19"
1004,human_evaluations_arm_3,,
1004,human_evaluations_arm_4,"2024-10-31 09:06:06","2024-10-31 09:16:50"
1004,human_evaluations_arm_5,,
1004,human_evaluations_arm_6,"2024-11-20 17:41:52","2024-11-20 17:56:57"
1004,human_evaluations_arm_9,,
1004,human_evaluations_arm_10,"2024-10-29 10:25:04","2024-10-29 10:51:55"
1005,human_evaluations_arm_2,"2024-10-20 20:12:15","2024-10-20 20:23:16"
1005,human_evaluations_arm_3,,
1005,human_evaluations_arm_4,"2024-10-31 11:37:03","2024-10-31 11:44:36"
1005,human_evaluations_arm_5,,
1005,human_evaluations_arm_6,"2024-11-20 18:30:59","2024-11-20 18:43:38"
1005,human_evaluations_arm_9,"2024-10-29 12:11:19","2024-10-29 12:24:29"
1005,human_evaluations_arm_10,"2024-10-29 10:52:19","2024-10-29 11:09:57"
1006,human_evaluations_arm_2,"2024-10-21 17:57:30","2024-10-21 18:04:51"
1006,human_evaluations_arm_3,,
1006,human_evaluations_arm_4,"2024-11-07 10:48:35","2024-11-07 10:52:10"
1006,human_evaluations_arm_5,,
1006,human_evaluations_arm_6,"2024-11-20 18:44:46","2024-11-20 18:54:13"
1006,human_evaluations_arm_9,"2024-10-29 13:00:40","2024-10-29 13:13:59"
1006,human_evaluations_arm_10,"2024-10-29 11:11:41","2024-10-29 11:24:04"
1007,human_evaluations_arm_2,"2024-10-21 19:45:00","2024-10-21 20:04:37"
1007,human_evaluations_arm_3,,
1007,human_evaluations_arm_4,"2024-10-31 08:24:31","2024-10-31 08:32:24"
1007,human_evaluations_arm_5,,
1007,human_evaluations_arm_6,,"2024-11-20 19:43:52"
1007,human_evaluations_arm_9,"2024-10-29 14:43:06","2024-10-29 15:01:08"
1007,human_evaluations_arm_10,"2024-10-30 12:41:13","2024-10-30 13:02:15"
1008,human_evaluations_arm_2,"2024-11-20 15:53:33","2024-11-20 16:02:13"
1008,human_evaluations_arm_3,,
1008,human_evaluations_arm_4,"2024-11-06 08:49:30","2024-11-06 09:04:05"
1008,human_evaluations_arm_5,,
1008,human_evaluations_arm_6,"2024-11-22 07:52:05","2024-11-22 08:13:04"
1008,human_evaluations_arm_9,"2024-10-29 15:47:05","2024-10-29 16:08:09"
1008,human_evaluations_arm_10,"2024-10-30 13:02:48","2024-10-30 14:02:59"
1009,human_evaluations_arm_2,"2024-10-21 20:12:19","2024-10-21 20:22:24"
1009,human_evaluations_arm_3,,"2024-11-07 10:10:47"
1009,human_evaluations_arm_4,,"2024-11-22 11:04:47"
1009,human_evaluations_arm_5,,
1009,human_evaluations_arm_6,"2024-11-22 08:15:40","2024-11-22 08:28:05"
1009,human_evaluations_arm_9,"2024-10-29 17:11:09","2024-10-29 17:30:27"
1009,human_evaluations_arm_10,"2024-10-31 19:53:48","2024-10-31 20:13:02"
1010,human_evaluations_arm_2,"2024-10-22 17:39:48","2024-10-22 17:51:17"
1010,human_evaluations_arm_3,"2024-11-07 10:13:30","2024-11-07 10:34:25"
1010,human_evaluations_arm_4,"2024-10-24 11:03:43","2024-10-24 11:12:24"
1010,human_evaluations_arm_5,,
1010,human_evaluations_arm_6,,"2024-11-22 08:53:00"
1010,human_evaluations_arm_9,"2024-10-30 08:57:46","2024-10-30 09:13:12"
1010,human_evaluations_arm_10,"2024-10-31 20:15:22","2024-10-31 20:36:22"
1011,human_evaluations_arm_2,"2024-10-22 19:20:15","2024-10-22 19:30:58"
1011,human_evaluations_arm_3,"2024-11-07 11:01:00","2024-11-07 11:20:56"
1011,human_evaluations_arm_4,"2024-11-22 11:05:10","2024-11-22 11:12:18"
1011,human_evaluations_arm_5,,
1011,human_evaluations_arm_6,"2024-11-22 09:00:43","2024-11-22 09:09:41"
1011,human_evaluations_arm_9,"2024-10-30 10:41:34","2024-10-30 10:59:13"
1011,human_evaluations_arm_10,"2024-10-31 20:40:01","2024-10-31 20:56:22"
1012,human_evaluations_arm_2,"2024-10-22 20:12:41","2024-10-22 20:24:27"
1012,human_evaluations_arm_3,,"2024-11-07 11:35:07"
1012,human_evaluations_arm_4,"2024-11-22 11:14:54","2024-11-22 11:22:35"
1012,human_evaluations_arm_5,,
1012,human_evaluations_arm_6,"2024-11-22 11:32:38","2024-11-22 11:41:32"
1012,human_evaluations_arm_9,"2024-10-30 11:36:34","2024-10-30 11:49:06"
1012,human_evaluations_arm_10,"2024-10-31 20:57:17","2024-10-31 21:07:43"
1013,human_evaluations_arm_2,"2024-10-23 18:48:08","2024-10-23 18:58:20"
1013,human_evaluations_arm_3,"2024-11-07 12:46:17","2024-11-07 12:59:15"
1013,human_evaluations_arm_4,"2024-10-29 08:14:39","2024-10-29 08:27:45"
1013,human_evaluations_arm_5,,
1013,human_evaluations_arm_6,,"2024-11-22 11:52:28"
1013,human_evaluations_arm_9,"2024-10-30 12:19:17","2024-10-30 12:34:37"
1013,human_evaluations_arm_10,"2024-11-04 13:12:12","2024-11-04 13:19:28"
1014,human_evaluations_arm_2,"2024-10-23 19:09:00","2024-10-23 19:16:11"
1014,human_evaluations_arm_3,"2024-11-07 12:59:00","2024-11-07 13:16:15"
1014,human_evaluations_arm_4,,"2024-10-28 09:59:45"
1014,human_evaluations_arm_5,,
1014,human_evaluations_arm_6,"2024-11-22 12:46:14","2024-11-22 13:08:22"
1014,human_evaluations_arm_9,"2024-10-30 14:18:59","2024-10-30 14:32:26"
1014,human_evaluations_arm_10,"2024-11-04 13:19:49","2024-11-04 13:39:35"
1015,human_evaluations_arm_2,"2024-10-24 18:00:57","2024-10-24 18:09:03"
1015,human_evaluations_arm_3,"2024-11-07 15:35:24","2024-11-07 16:04:44"
1015,human_evaluations_arm_4,"2024-11-22 11:22:51","2024-11-22 11:40:36"
1015,human_evaluations_arm_5,,
1015,human_evaluations_arm_6,"2024-11-22 14:37:06","2024-11-22 14:54:29"
1015,human_evaluations_arm_9,"2024-11-06 11:14:06","2024-11-06 11:35:59"
1015,human_evaluations_arm_10,"2024-11-04 13:39:59","2024-11-04 13:57:27"
1016,human_evaluations_arm_2,"2024-10-27 20:41:45","2024-10-27 20:51:13"
1016,human_evaluations_arm_3,"2024-11-07 16:08:07","2024-11-07 16:25:40"
1016,human_evaluations_arm_4,"2024-10-28 08:56:10","2024-10-28 09:05:42"
1016,human_evaluations_arm_5,,
1016,human_evaluations_arm_6,"2024-11-25 14:55:51","2024-11-25 15:05:03"
1016,human_evaluations_arm_9,"2024-11-06 11:50:27","2024-11-06 12:10:50"
1016,human_evaluations_arm_10,"2024-11-04 20:05:54","2024-11-04 20:50:16"
1017,human_evaluations_arm_2,"2024-10-28 11:30:44","2024-10-28 11:43:16"
1017,human_evaluations_arm_3,,
1017,human_evaluations_arm_4,"2024-11-22 14:16:58","2024-11-22 14:26:05"
1017,human_evaluations_arm_5,,
1017,human_evaluations_arm_6,"2024-11-25 15:05:15","2024-11-25 15:19:40"
1017,human_evaluations_arm_9,"2024-11-06 12:30:20","2024-11-06 12:54:50"
1017,human_evaluations_arm_10,"2024-11-04 22:12:59","2024-11-04 22:29:10"
1018,human_evaluations_arm_2,"2024-10-28 11:44:11","2024-10-28 11:56:59"
1018,human_evaluations_arm_3,,
1018,human_evaluations_arm_4,,"2024-10-28 12:47:09"
1018,human_evaluations_arm_5,,
1018,human_evaluations_arm_6,"2024-11-25 15:29:29","2024-11-25 15:39:20"
1018,human_evaluations_arm_9,"2024-11-06 13:10:59","2024-11-06 13:23:51"
1018,human_evaluations_arm_10,"2024-11-06 20:25:00","2024-11-06 21:17:31"
1019,human_evaluations_arm_2,"2024-10-29 08:00:35","2024-10-29 08:09:41"
1019,human_evaluations_arm_3,,
1019,human_evaluations_arm_4,"2024-11-22 14:26:58","2024-11-22 14:40:43"
1019,human_evaluations_arm_5,,
1019,human_evaluations_arm_6,"2024-11-25 15:44:41","2024-11-25 16:02:01"
1019,human_evaluations_arm_9,"2024-11-06 13:25:02","2024-11-06 13:36:25"
1019,human_evaluations_arm_10,"2024-11-06 21:18:25","2024-11-06 21:53:06"
1020,human_evaluations_arm_2,"2024-10-29 13:19:19","2024-10-29 13:23:56"
1020,human_evaluations_arm_3,,
1020,human_evaluations_arm_4,"2024-10-31 08:35:56","2024-10-31 08:41:47"
1020,human_evaluations_arm_5,,
1020,human_evaluations_arm_6,"2024-11-25 23:59:11","2024-11-26 00:04:13"
1020,human_evaluations_arm_9,"2024-11-06 14:53:53","2024-11-06 15:00:05"
1020,human_evaluations_arm_10,"2024-11-07 18:46:43","2024-11-07 18:57:35"
1021,human_evaluations_arm_2,"2024-10-29 13:56:41","2024-10-29 14:06:37"
1021,human_evaluations_arm_3,,
1021,human_evaluations_arm_4,"2024-11-06 09:04:56","2024-11-06 09:15:43"
1021,human_evaluations_arm_5,,
1021,human_evaluations_arm_6,"2024-11-26 11:51:28","2024-11-26 12:04:36"
1021,human_evaluations_arm_9,"2024-11-06 15:00:18","2024-11-06 15:17:14"
1021,human_evaluations_arm_10,"2024-11-07 18:58:07","2024-11-07 20:18:35"
1022,human_evaluations_arm_2,"2024-10-29 14:32:27","2024-10-29 14:39:59"
1022,human_evaluations_arm_3,,
1022,human_evaluations_arm_4,"2024-11-09 03:58:24","2024-11-09 04:08:46"
1022,human_evaluations_arm_5,,
1022,human_evaluations_arm_6,"2024-11-26 12:05:31","2024-11-26 12:09:17"
1022,human_evaluations_arm_9,"2024-11-06 15:19:51","2024-11-06 15:30:10"
1022,human_evaluations_arm_10,"2024-11-07 20:18:50","2024-11-07 20:38:53"
1023,human_evaluations_arm_2,"2024-10-29 15:58:11","2024-10-29 16:00:11"
1023,human_evaluations_arm_3,,
1023,human_evaluations_arm_4,"2024-11-07 08:53:28","2024-11-07 08:53:17"
1023,human_evaluations_arm_5,,
1023,human_evaluations_arm_6,"2024-11-26 12:10:05","2024-11-26 12:13:25"
1023,human_evaluations_arm_9,"2024-11-06 15:34:32","2024-11-06 15:38:49"
1023,human_evaluations_arm_10,"2024-11-07 20:40:04","2024-11-07 20:56:53"
1024,human_evaluations_arm_2,"2024-10-30 07:08:05","2024-10-30 07:14:15"
1024,human_evaluations_arm_3,,
1024,human_evaluations_arm_4,"2024-11-09 03:54:26","2024-11-09 03:57:36"
1024,human_evaluations_arm_5,,
1024,human_evaluations_arm_6,"2024-11-26 12:15:42","2024-11-26 12:24:43"
1024,human_evaluations_arm_9,"2024-11-06 15:39:14","2024-11-06 15:47:09"
1024,human_evaluations_arm_10,"2024-11-07 21:38:00","2024-11-07 21:49:29"
1025,human_evaluations_arm_2,"2024-10-30 10:07:14","2024-10-30 10:13:59"
1025,human_evaluations_arm_3,,
1025,human_evaluations_arm_4,"2024-11-06 09:23:55","2024-11-06 09:34:42"
1025,human_evaluations_arm_5,,
1025,human_evaluations_arm_6,"2024-11-26 12:26:01","2024-11-26 12:34:03"
1025,human_evaluations_arm_9,"2024-11-06 17:56:34","2024-11-06 18:11:04"
1025,human_evaluations_arm_10,"2024-11-07 21:50:40","2024-11-07 22:07:35"
1026,human_evaluations_arm_2,"2024-10-31 07:45:31","2024-10-31 07:52:26"
1026,human_evaluations_arm_3,,
1026,human_evaluations_arm_4,"2024-10-28 09:06:14","2024-10-28 09:20:45"
1026,human_evaluations_arm_5,,
1026,human_evaluations_arm_6,"2024-11-26 12:34:38","2024-11-26 12:40:18"
1026,human_evaluations_arm_9,"2024-11-06 18:12:52","2024-11-06 18:22:04"
1026,human_evaluations_arm_10,"2024-11-07 23:53:55","2024-11-08 00:06:06"
1027,human_evaluations_arm_2,"2024-10-31 08:01:18","2024-10-31 08:14:59"
1027,human_evaluations_arm_3,,
1027,human_evaluations_arm_4,"2024-11-12 12:09:17","2024-11-12 12:19:41"
1027,human_evaluations_arm_5,,
1027,human_evaluations_arm_6,"2024-11-26 12:41:38","2024-11-26 12:52:07"
1027,human_evaluations_arm_9,"2024-11-06 18:46:12","2024-11-06 19:04:10"
1027,human_evaluations_arm_10,"2024-11-08 00:06:27","2024-11-08 00:26:19"
1028,human_evaluations_arm_2,"2024-10-31 08:31:17","2024-10-31 08:41:50"
1028,human_evaluations_arm_3,"2024-12-10 06:44:26",
1028,human_evaluations_arm_4,,"2024-11-12 12:32:22"
1028,human_evaluations_arm_5,,
1028,human_evaluations_arm_6,"2024-11-26 14:24:53","2024-11-26 14:30:28"
1028,human_evaluations_arm_9,"2024-11-06 19:04:39","2024-11-06 19:20:05"
1028,human_evaluations_arm_10,"2024-11-08 00:26:41","2024-11-08 00:40:14"
1029,human_evaluations_arm_2,"2024-11-01 06:27:32","2024-11-01 06:35:05"
1029,human_evaluations_arm_3,,
1029,human_evaluations_arm_4,"2024-11-26 15:45:00","2024-11-26 15:53:59"
1029,human_evaluations_arm_5,,
1029,human_evaluations_arm_6,"2024-11-26 14:32:30","2024-11-26 14:40:18"
1029,human_evaluations_arm_9,"2024-11-06 19:26:41","2024-11-06 19:36:54"
1029,human_evaluations_arm_10,"2024-11-11 09:37:48","2024-11-11 09:47:49"
1030,human_evaluations_arm_2,"2024-11-01 06:49:06","2024-11-01 07:03:38"
1030,human_evaluations_arm_3,,
1030,human_evaluations_arm_4,"2024-11-30 05:28:22","2024-11-30 05:32:52"
1030,human_evaluations_arm_5,,
1030,human_evaluations_arm_6,"2024-11-26 14:40:52","2024-11-26 14:51:54"
1030,human_evaluations_arm_9,"2024-11-06 19:38:25","2024-11-06 19:53:05"
1030,human_evaluations_arm_10,"2024-11-11 09:48:25","2024-11-12 10:34:19"
1031,human_evaluations_arm_2,"2024-11-01 16:04:32","2024-11-01 16:14:43"
1031,human_evaluations_arm_3,,
1031,human_evaluations_arm_4,"2024-12-02 11:40:30","2024-12-02 11:43:28"
1031,human_evaluations_arm_5,,
1031,human_evaluations_arm_6,"2024-11-26 15:28:06","2024-11-26 15:34:30"
1031,human_evaluations_arm_9,"2024-11-07 09:17:39","2024-11-07 09:41:17"
1031,human_evaluations_arm_10,"2024-11-12 10:34:29","2024-11-12 10:54:11"
1032,human_evaluations_arm_2,"2024-11-02 14:26:49","2024-11-02 14:35:18"
1032,human_evaluations_arm_3,,
1032,human_evaluations_arm_4,"2024-12-02 11:43:59","2024-12-02 12:03:40"
1032,human_evaluations_arm_5,,
1032,human_evaluations_arm_6,"2024-11-26 19:48:15","2024-11-26 20:00:29"
1032,human_evaluations_arm_9,"2024-11-20 13:01:50","2024-11-20 13:08:58"
1032,human_evaluations_arm_10,"2024-11-12 10:54:26","2024-11-12 11:11:58"
1033,human_evaluations_arm_2,"2024-11-03 09:59:38","2024-11-03 10:09:45"
1033,human_evaluations_arm_3,,
1033,human_evaluations_arm_4,"2024-12-02 12:04:02","2024-12-02 12:13:53"
1033,human_evaluations_arm_5,,
1033,human_evaluations_arm_6,"2024-11-26 20:00:50","2024-11-26 20:07:47"
1033,human_evaluations_arm_9,"2024-11-07 10:16:58","2024-11-07 10:35:08"
1033,human_evaluations_arm_10,"2024-11-13 13:42:30","2024-11-13 14:07:16"
1034,human_evaluations_arm_2,"2024-11-03 10:15:34","2024-11-03 10:25:56"
1034,human_evaluations_arm_3,,
1034,human_evaluations_arm_4,"2024-12-02 12:15:00","2024-12-02 12:21:49"
1034,human_evaluations_arm_5,,
1034,human_evaluations_arm_6,"2024-11-26 20:08:29","2024-11-26 20:16:03"
1034,human_evaluations_arm_9,"2024-11-07 10:35:58","2024-11-07 10:52:32"
1034,human_evaluations_arm_10,"2024-11-13 14:08:44","2024-11-13 14:36:43"
1035,human_evaluations_arm_2,"2024-11-03 11:11:32","2024-11-03 11:23:28"
1035,human_evaluations_arm_3,,
1035,human_evaluations_arm_4,"2024-11-14 11:42:25","2024-11-14 11:48:37"
1035,human_evaluations_arm_5,,
1035,human_evaluations_arm_6,"2024-11-26 21:27:30","2024-11-26 21:36:41"
1035,human_evaluations_arm_9,"2024-11-07 10:56:33","2024-11-07 11:13:34"
1035,human_evaluations_arm_10,"2024-11-13 14:36:58","2024-11-13 14:51:09"
1036,human_evaluations_arm_2,"2024-11-04 06:57:00","2024-11-04 07:04:49"
1036,human_evaluations_arm_3,,
1036,human_evaluations_arm_4,"2024-10-28 09:21:44","2024-10-28 09:32:48"
1036,human_evaluations_arm_5,,
1036,human_evaluations_arm_6,"2024-11-26 21:36:56","2024-11-26 21:45:56"
1036,human_evaluations_arm_9,"2024-11-08 15:41:04","2024-11-08 16:02:26"
1036,human_evaluations_arm_10,"2024-11-25 13:07:05","2024-11-25 13:16:06"
1037,human_evaluations_arm_2,"2024-11-04 08:00:27","2024-11-04 08:08:00"
1037,human_evaluations_arm_3,,
1037,human_evaluations_arm_4,,"2024-11-07 11:00:24"
1037,human_evaluations_arm_5,,
1037,human_evaluations_arm_6,"2024-11-28 04:38:41","2024-11-28 04:46:59"
1037,human_evaluations_arm_9,"2024-11-08 16:09:11","2024-11-08 16:22:50"
1037,human_evaluations_arm_10,"2024-11-25 13:16:24","2024-11-25 13:39:54"
1038,human_evaluations_arm_2,"2024-11-04 09:58:53","2024-11-04 10:04:28"
1038,human_evaluations_arm_3,,
1038,human_evaluations_arm_4,"2024-11-07 10:30:53","2024-11-07 10:35:19"
1038,human_evaluations_arm_5,,
1038,human_evaluations_arm_6,"2024-11-28 04:47:23","2024-11-28 04:54:48"
1038,human_evaluations_arm_9,"2024-11-08 16:58:11","2024-11-08 17:22:38"
1038,human_evaluations_arm_10,"2024-11-25 13:47:26","2024-11-25 14:09:23"
1039,human_evaluations_arm_2,"2024-11-05 13:00:01","2024-11-05 13:07:11"
1039,human_evaluations_arm_3,,
1039,human_evaluations_arm_4,"2024-11-26 15:59:48","2024-11-26 16:10:10"
1039,human_evaluations_arm_5,,
1039,human_evaluations_arm_6,"2024-11-28 04:55:14","2024-11-28 05:02:19"
1039,human_evaluations_arm_9,"2024-11-08 16:43:33","2024-11-08 16:56:38"
1039,human_evaluations_arm_10,"2024-11-25 14:09:35","2024-11-25 14:36:02"
1040,human_evaluations_arm_2,"2024-11-05 16:44:29","2024-11-05 16:54:18"
1040,human_evaluations_arm_3,,
1040,human_evaluations_arm_4,,"2024-11-06 09:22:35"
1040,human_evaluations_arm_5,,
1040,human_evaluations_arm_6,"2024-11-28 12:01:01","2024-11-28 12:07:08"
1040,human_evaluations_arm_9,"2024-11-08 17:22:49","2024-11-08 17:35:44"
1040,human_evaluations_arm_10,"2024-11-25 14:36:15","2024-11-25 14:54:52"
1041,human_evaluations_arm_2,"2024-11-05 18:46:18","2024-11-05 18:57:03"
1041,human_evaluations_arm_3,,
1041,human_evaluations_arm_4,"2024-11-07 09:01:15","2024-11-07 09:10:23"
1041,human_evaluations_arm_5,,
1041,human_evaluations_arm_6,"2024-11-29 15:00:05","2024-11-29 15:03:28"
1041,human_evaluations_arm_9,"2024-11-08 17:44:35","2024-11-08 17:58:19"
1041,human_evaluations_arm_10,"2024-11-25 15:47:16","2024-11-25 15:55:11"
1042,human_evaluations_arm_2,"2024-11-06 15:49:24","2024-11-06 15:57:41"
1042,human_evaluations_arm_3,,
1042,human_evaluations_arm_4,"2024-11-30 05:08:17","2024-11-30 05:15:10"
1042,human_evaluations_arm_5,,
1042,human_evaluations_arm_6,"2024-12-09 12:54:19","2024-12-09 13:04:25"
1042,human_evaluations_arm_9,"2024-11-08 17:58:56","2024-11-08 18:11:06"
1042,human_evaluations_arm_10,"2024-11-25 15:55:24","2024-11-25 16:11:23"
1043,human_evaluations_arm_2,"2024-11-07 14:00:21","2024-11-07 14:09:10"
1043,human_evaluations_arm_3,,
1043,human_evaluations_arm_4,"2024-11-12 12:47:32","2024-11-12 12:59:20"
1043,human_evaluations_arm_5,,
1043,human_evaluations_arm_6,,
1043,human_evaluations_arm_9,"2024-11-08 18:12:33","2024-11-08 18:23:53"
1043,human_evaluations_arm_10,"2024-12-10 07:49:12","2024-12-10 07:57:22"
1044,human_evaluations_arm_2,"2024-11-07 15:47:50","2024-11-07 15:59:18"
1044,human_evaluations_arm_3,,
1044,human_evaluations_arm_4,"2024-12-02 12:24:11","2024-12-02 12:28:39"
1044,human_evaluations_arm_5,,
1044,human_evaluations_arm_6,,
1044,human_evaluations_arm_9,"2024-11-09 14:27:20","2024-11-09 14:43:33"
1044,human_evaluations_arm_10,"2024-12-10 07:57:34","2024-12-10 08:17:44"
1045,human_evaluations_arm_2,"2024-11-07 16:01:48","2024-11-07 16:09:37"
1045,human_evaluations_arm_3,,
1045,human_evaluations_arm_4,"2024-12-03 09:35:22","2024-12-03 09:44:15"
1045,human_evaluations_arm_5,,
1045,human_evaluations_arm_6,,
1045,human_evaluations_arm_9,"2024-11-09 14:44:54","2024-11-09 15:04:03"
1045,human_evaluations_arm_10,"2024-12-10 08:34:10","2024-12-10 08:47:49"
1046,human_evaluations_arm_2,"2024-11-08 16:10:34","2024-11-08 16:18:27"
1046,human_evaluations_arm_3,,
1046,human_evaluations_arm_4,"2024-12-03 10:02:30","2024-12-03 10:03:33"
1046,human_evaluations_arm_5,,
1046,human_evaluations_arm_6,,
1046,human_evaluations_arm_9,"2024-11-09 15:04:18","2024-11-09 15:12:32"
1046,human_evaluations_arm_10,"2024-12-10 20:30:32","2024-12-10 20:37:37"
1047,human_evaluations_arm_2,"2024-11-08 16:53:13","2024-11-08 17:01:28"
1047,human_evaluations_arm_3,,
1047,human_evaluations_arm_4,"2024-12-03 10:05:30","2024-12-03 11:05:47"
1047,human_evaluations_arm_5,,
1047,human_evaluations_arm_6,,
1047,human_evaluations_arm_9,"2024-11-09 15:12:52","2024-11-09 15:29:32"
1047,human_evaluations_arm_10,"2024-12-10 20:37:51","2024-12-10 20:49:10"
1048,human_evaluations_arm_2,"2024-11-08 17:09:07","2024-11-08 17:16:25"
1048,human_evaluations_arm_3,,
1048,human_evaluations_arm_4,"2024-12-04 13:22:08","2024-12-04 13:41:43"
1048,human_evaluations_arm_5,,
1048,human_evaluations_arm_6,,
1048,human_evaluations_arm_9,"2024-11-09 15:47:16","2024-11-09 15:58:38"
1048,human_evaluations_arm_10,"2024-12-10 20:49:34","2024-12-10 21:03:08"
1049,human_evaluations_arm_2,"2024-11-08 17:21:24","2024-11-08 17:26:12"
1049,human_evaluations_arm_3,,
1049,human_evaluations_arm_4,"2024-12-04 13:41:57","2024-12-04 13:45:53"
1049,human_evaluations_arm_5,,
1049,human_evaluations_arm_6,,
1049,human_evaluations_arm_9,"2024-11-09 18:48:56","2024-11-09 18:56:15"
1049,human_evaluations_arm_10,"2024-12-11 07:36:05","2024-12-11 07:44:02"
1050,human_evaluations_arm_2,"2024-11-09 10:13:09","2024-11-09 10:18:07"
1050,human_evaluations_arm_3,,
1050,human_evaluations_arm_4,"2024-12-04 13:50:54","2024-12-04 14:04:20"
1050,human_evaluations_arm_5,,
1050,human_evaluations_arm_6,,
1050,human_evaluations_arm_9,"2024-11-09 18:58:22","2024-11-09 19:06:22"
1050,human_evaluations_arm_10,"2024-12-11 07:44:16","2024-12-11 07:51:48"
1051,human_evaluations_arm_2,"2024-11-09 14:40:42","2024-11-09 14:44:02"
1051,human_evaluations_arm_3,,
1051,human_evaluations_arm_4,"2024-12-04 14:04:45","2024-12-04 14:11:02"
1051,human_evaluations_arm_5,,
1051,human_evaluations_arm_6,,
1051,human_evaluations_arm_9,"2024-11-09 19:06:38","2024-11-09 19:14:29"
1051,human_evaluations_arm_10,"2024-12-11 07:52:09","2024-12-11 07:59:42"
1052,human_evaluations_arm_2,"2024-11-09 14:50:55","2024-11-09 14:57:56"
1052,human_evaluations_arm_3,,
1052,human_evaluations_arm_4,"2024-12-05 11:29:43","2024-12-05 11:35:01"
1052,human_evaluations_arm_5,,
1052,human_evaluations_arm_6,,
1052,human_evaluations_arm_9,"2024-11-10 15:45:33","2024-11-10 15:58:42"
1052,human_evaluations_arm_10,"2024-12-11 08:00:00","2024-12-11 08:18:27"
1053,human_evaluations_arm_2,"2024-11-09 15:07:00","2024-11-09 15:18:22"
1053,human_evaluations_arm_3,,
1053,human_evaluations_arm_4,"2024-12-05 11:35:27","2024-12-05 11:49:47"
1053,human_evaluations_arm_5,,
1053,human_evaluations_arm_6,,
1053,human_evaluations_arm_9,"2024-11-10 15:58:56","2024-11-10 16:13:37"
1053,human_evaluations_arm_10,"2024-12-11 08:18:47","2024-12-11 08:35:21"
1054,human_evaluations_arm_2,"2024-11-10 14:07:31","2024-11-10 14:12:11"
1054,human_evaluations_arm_3,,
1054,human_evaluations_arm_4,"2024-12-05 11:51:36","2024-12-05 11:55:13"
1054,human_evaluations_arm_5,,
1054,human_evaluations_arm_6,,
1054,human_evaluations_arm_9,"2024-11-10 16:16:58","2024-11-10 16:24:48"
1054,human_evaluations_arm_10,"2024-12-11 08:36:30","2024-12-11 08:46:12"
1055,human_evaluations_arm_2,"2024-11-10 14:13:45","2024-11-10 14:21:05"
1055,human_evaluations_arm_3,,
1055,human_evaluations_arm_4,"2024-12-09 02:25:07","2024-12-09 02:26:16"
1055,human_evaluations_arm_5,,
1055,human_evaluations_arm_6,,
1055,human_evaluations_arm_9,"2024-11-10 16:24:59","2024-11-10 16:44:17"
1055,human_evaluations_arm_10,"2024-12-11 08:46:26","2024-12-11 09:00:13"
1056,human_evaluations_arm_2,"2024-11-10 14:24:58","2024-11-10 14:31:01"
1056,human_evaluations_arm_3,,
1056,human_evaluations_arm_4,"2024-12-09 02:59:25","2024-12-09 03:04:13"
1056,human_evaluations_arm_5,,
1056,human_evaluations_arm_6,,
1056,human_evaluations_arm_9,"2024-11-10 16:53:01","2024-11-10 17:04:23"
1056,human_evaluations_arm_10,"2024-12-11 09:00:36","2024-12-11 09:11:10"
1057,human_evaluations_arm_2,"2024-11-10 14:33:54","2024-11-10 14:38:31"
1057,human_evaluations_arm_3,,
1057,human_evaluations_arm_4,"2024-12-09 03:08:10","2024-12-09 03:24:05"
1057,human_evaluations_arm_5,,
1057,human_evaluations_arm_6,,
1057,human_evaluations_arm_9,"2024-11-10 17:05:39","2024-11-10 17:16:59"
1057,human_evaluations_arm_10,"2024-12-11 09:11:23","2024-12-11 09:17:30"
1058,human_evaluations_arm_2,"2024-11-11 18:12:52","2024-11-11 18:17:34"
1058,human_evaluations_arm_3,,
1058,human_evaluations_arm_4,"2024-12-09 03:24:16","2024-12-09 04:01:49"
1058,human_evaluations_arm_5,,
1058,human_evaluations_arm_6,,
1058,human_evaluations_arm_9,"2024-11-10 17:19:11","2024-11-10 17:27:57"
1058,human_evaluations_arm_10,"2024-12-11 09:18:00","2024-12-11 09:45:19"
1059,human_evaluations_arm_2,"2024-11-11 18:20:51","2024-11-11 18:28:59"
1059,human_evaluations_arm_3,,
1059,human_evaluations_arm_4,"2024-12-09 05:29:44","2024-12-09 05:35:29"
1059,human_evaluations_arm_5,,
1059,human_evaluations_arm_6,,
1059,human_evaluations_arm_9,"2024-11-10 17:28:06","2024-11-10 17:41:12"
1059,human_evaluations_arm_10,"2024-12-11 09:47:59","2024-12-11 09:59:12"
1060,human_evaluations_arm_2,"2024-11-11 18:33:51","2024-11-11 18:43:49"
1060,human_evaluations_arm_3,,
1060,human_evaluations_arm_4,"2024-12-09 05:41:11","2024-12-09 05:57:29"
1060,human_evaluations_arm_5,,
1060,human_evaluations_arm_6,,
1060,human_evaluations_arm_9,"2024-11-11 11:32:57","2024-11-11 11:47:53"
1060,human_evaluations_arm_10,"2024-12-11 10:01:03","2024-12-11 10:13:54"
1061,human_evaluations_arm_2,"2024-11-11 19:05:44","2024-11-11 19:14:54"
1061,human_evaluations_arm_3,,
1061,human_evaluations_arm_4,"2024-12-09 05:57:42","2024-12-09 06:28:15"
1061,human_evaluations_arm_5,,
1061,human_evaluations_arm_6,,
1061,human_evaluations_arm_9,"2024-11-11 11:56:04","2024-11-11 12:08:51"
1061,human_evaluations_arm_10,"2024-12-12 07:31:33","2024-12-12 07:43:36"
1062,human_evaluations_arm_2,"2024-11-11 20:42:44","2024-11-11 20:48:01"
1062,human_evaluations_arm_3,,
1062,human_evaluations_arm_4,"2024-12-09 06:28:28","2024-12-09 06:34:38"
1062,human_evaluations_arm_5,,
1062,human_evaluations_arm_6,,
1062,human_evaluations_arm_9,"2024-11-11 12:30:15","2024-11-11 12:38:26"
1062,human_evaluations_arm_10,"2024-12-12 07:43:48","2024-12-12 07:51:11"
1063,human_evaluations_arm_2,"2024-11-12 11:08:44","2024-11-12 11:14:50"
1063,human_evaluations_arm_3,,
1063,human_evaluations_arm_4,"2024-12-09 06:34:50","2024-12-09 06:43:55"
1063,human_evaluations_arm_5,,
1063,human_evaluations_arm_6,,
1063,human_evaluations_arm_9,"2024-11-11 12:38:33","2024-11-11 12:55:07"
1063,human_evaluations_arm_10,"2024-12-12 07:51:35","2024-12-12 08:04:09"
1064,human_evaluations_arm_2,"2024-11-12 20:12:19","2024-11-12 20:20:22"
1064,human_evaluations_arm_3,,
1064,human_evaluations_arm_4,,
1064,human_evaluations_arm_5,,
1064,human_evaluations_arm_6,,
1064,human_evaluations_arm_9,"2024-11-11 13:20:56","2024-11-11 13:41:46"
1064,human_evaluations_arm_10,"2024-12-12 08:04:20","2024-12-12 08:13:57"
1065,human_evaluations_arm_2,"2024-11-13 09:21:16","2024-11-13 09:29:04"
1065,human_evaluations_arm_3,,
1065,human_evaluations_arm_4,,
1065,human_evaluations_arm_5,,
1065,human_evaluations_arm_6,,
1065,human_evaluations_arm_9,"2024-11-11 13:42:14","2024-11-11 13:55:17"
1065,human_evaluations_arm_10,"2024-12-12 08:14:22","2024-12-12 08:29:24"
1066,human_evaluations_arm_2,"2024-11-13 13:57:51","2024-11-13 14:04:44"
1066,human_evaluations_arm_3,,
1066,human_evaluations_arm_4,,
1066,human_evaluations_arm_5,,
1066,human_evaluations_arm_6,,
1066,human_evaluations_arm_9,"2024-11-11 20:51:36","2024-11-11 21:00:49"
1066,human_evaluations_arm_10,,
1067,human_evaluations_arm_2,"2024-11-13 15:03:22","2024-11-13 15:17:01"
1067,human_evaluations_arm_3,,
1067,human_evaluations_arm_4,,
1067,human_evaluations_arm_5,,
1067,human_evaluations_arm_6,,
1067,human_evaluations_arm_9,"2024-11-11 21:13:07","2024-11-11 21:25:23"
1067,human_evaluations_arm_10,,
1068,human_evaluations_arm_2,"2024-11-13 15:18:47","2024-11-13 15:23:24"
1068,human_evaluations_arm_3,,
1068,human_evaluations_arm_4,,
1068,human_evaluations_arm_5,,
1068,human_evaluations_arm_6,,
1068,human_evaluations_arm_9,"2024-11-18 16:13:32","2024-11-18 16:21:38"
1068,human_evaluations_arm_10,,
1069,human_evaluations_arm_2,"2024-11-13 17:28:31","2024-11-13 17:34:10"
1069,human_evaluations_arm_3,,
1069,human_evaluations_arm_4,,
1069,human_evaluations_arm_5,,
1069,human_evaluations_arm_6,,
1069,human_evaluations_arm_9,"2024-11-18 16:22:03","2024-11-18 16:34:21"
1069,human_evaluations_arm_10,,
1070,human_evaluations_arm_2,,"2024-11-13 17:42:21"
1070,human_evaluations_arm_3,,
1070,human_evaluations_arm_4,,
1070,human_evaluations_arm_5,,
1070,human_evaluations_arm_6,,
1070,human_evaluations_arm_9,"2024-11-18 16:42:03","2024-11-18 16:56:23"
1070,human_evaluations_arm_10,,
1071,human_evaluations_arm_2,"2024-11-13 19:29:45","2024-11-13 19:37:33"
1071,human_evaluations_arm_3,,
1071,human_evaluations_arm_4,,
1071,human_evaluations_arm_5,,
1071,human_evaluations_arm_6,,
1071,human_evaluations_arm_9,"2024-11-18 16:56:37","2024-11-18 17:08:22"
1071,human_evaluations_arm_10,,
1072,human_evaluations_arm_2,"2024-11-14 19:37:31","2024-11-14 19:43:10"
1072,human_evaluations_arm_3,,
1072,human_evaluations_arm_4,,
1072,human_evaluations_arm_5,,
1072,human_evaluations_arm_6,,
1072,human_evaluations_arm_9,"2024-11-18 17:57:13","2024-11-18 18:08:33"
1072,human_evaluations_arm_10,,
1073,human_evaluations_arm_2,"2024-11-15 07:55:56","2024-11-15 08:01:31"
1073,human_evaluations_arm_3,,
1073,human_evaluations_arm_4,,
1073,human_evaluations_arm_5,,
1073,human_evaluations_arm_6,,
1073,human_evaluations_arm_9,"2024-11-18 18:12:23","2024-11-18 18:23:19"
1073,human_evaluations_arm_10,,
1074,human_evaluations_arm_2,"2024-11-15 08:17:26","2024-11-15 08:22:23"
1074,human_evaluations_arm_3,,
1074,human_evaluations_arm_4,,
1074,human_evaluations_arm_5,,
1074,human_evaluations_arm_6,,
1074,human_evaluations_arm_9,"2024-11-18 19:25:04","2024-11-18 19:33:06"
1074,human_evaluations_arm_10,,
1075,human_evaluations_arm_2,"2024-11-15 08:25:47","2024-11-15 08:28:13"
1075,human_evaluations_arm_3,,
1075,human_evaluations_arm_4,,
1075,human_evaluations_arm_5,,
1075,human_evaluations_arm_6,,
1075,human_evaluations_arm_9,"2024-11-18 19:53:50","2024-11-18 20:01:33"
1075,human_evaluations_arm_10,,
1076,human_evaluations_arm_2,"2024-11-15 12:21:41","2024-11-15 12:29:34"
1076,human_evaluations_arm_3,,
1076,human_evaluations_arm_4,,
1076,human_evaluations_arm_5,,
1076,human_evaluations_arm_6,,
1076,human_evaluations_arm_9,"2024-11-18 20:50:40","2024-11-18 20:58:45"
1076,human_evaluations_arm_10,,
1077,human_evaluations_arm_2,"2024-11-15 12:30:21","2024-11-15 12:42:03"
1077,human_evaluations_arm_3,,
1077,human_evaluations_arm_4,,
1077,human_evaluations_arm_5,,
1077,human_evaluations_arm_6,,
1077,human_evaluations_arm_9,"2024-11-18 21:01:04","2024-11-18 21:12:23"
1077,human_evaluations_arm_10,,
1078,human_evaluations_arm_2,"2024-11-15 12:44:32","2024-11-15 12:53:55"
1078,human_evaluations_arm_3,,
1078,human_evaluations_arm_4,,
1078,human_evaluations_arm_5,,
1078,human_evaluations_arm_6,,
1078,human_evaluations_arm_9,"2024-11-20 11:36:24","2024-11-20 11:48:35"
1078,human_evaluations_arm_10,,
1079,human_evaluations_arm_2,"2024-11-15 12:54:46","2024-11-15 13:03:49"
1079,human_evaluations_arm_3,,
1079,human_evaluations_arm_4,,
1079,human_evaluations_arm_5,,
1079,human_evaluations_arm_6,,
1079,human_evaluations_arm_9,"2024-11-20 13:09:12","2024-11-20 13:20:13"
1079,human_evaluations_arm_10,,
1080,human_evaluations_arm_2,"2024-11-15 13:09:17","2024-11-15 13:22:49"
1080,human_evaluations_arm_3,,
1080,human_evaluations_arm_4,,
1080,human_evaluations_arm_5,,
1080,human_evaluations_arm_6,,
1080,human_evaluations_arm_9,"2024-11-20 13:31:28","2024-11-20 13:49:04"
1080,human_evaluations_arm_10,,
1081,human_evaluations_arm_2,"2024-11-16 13:00:03","2024-11-16 13:09:19"
1081,human_evaluations_arm_3,,
1081,human_evaluations_arm_4,,
1081,human_evaluations_arm_5,,
1081,human_evaluations_arm_6,,
1081,human_evaluations_arm_9,"2024-11-20 13:49:12","2024-11-20 14:01:30"
1081,human_evaluations_arm_10,,
1082,human_evaluations_arm_2,"2024-11-16 13:31:35","2024-11-16 13:42:23"
1082,human_evaluations_arm_3,,
1082,human_evaluations_arm_4,,
1082,human_evaluations_arm_5,,
1082,human_evaluations_arm_6,,
1082,human_evaluations_arm_9,"2024-11-20 16:04:51","2024-11-20 16:18:42"
1082,human_evaluations_arm_10,,
1083,human_evaluations_arm_2,"2024-11-16 14:32:40","2024-11-16 14:40:49"
1083,human_evaluations_arm_3,,
1083,human_evaluations_arm_4,,
1083,human_evaluations_arm_5,,
1083,human_evaluations_arm_6,,
1083,human_evaluations_arm_9,"2024-11-20 16:30:14","2024-11-20 16:48:20"
1083,human_evaluations_arm_10,,
1084,human_evaluations_arm_2,"2024-11-16 14:41:35","2024-11-16 14:46:36"
1084,human_evaluations_arm_3,,
1084,human_evaluations_arm_4,,
1084,human_evaluations_arm_5,,
1084,human_evaluations_arm_6,,
1084,human_evaluations_arm_9,"2024-11-20 16:49:43","2024-11-20 16:58:34"
1084,human_evaluations_arm_10,,
1085,human_evaluations_arm_2,"2024-11-16 14:49:53","2024-11-16 14:57:58"
1085,human_evaluations_arm_3,,
1085,human_evaluations_arm_4,,
1085,human_evaluations_arm_5,,
1085,human_evaluations_arm_6,,
1085,human_evaluations_arm_9,"2024-11-20 19:22:18","2024-11-20 19:39:19"
1085,human_evaluations_arm_10,,
1086,human_evaluations_arm_2,"2024-11-16 16:13:42","2024-11-16 16:18:24"
1086,human_evaluations_arm_3,,
1086,human_evaluations_arm_4,,
1086,human_evaluations_arm_5,,
1086,human_evaluations_arm_6,,
1086,human_evaluations_arm_9,"2024-11-20 19:53:31","2024-11-20 20:04:09"
1086,human_evaluations_arm_10,,
1087,human_evaluations_arm_2,"2024-11-16 16:18:50","2024-11-16 16:24:08"
1087,human_evaluations_arm_3,,
1087,human_evaluations_arm_4,,
1087,human_evaluations_arm_5,,
1087,human_evaluations_arm_6,,
1087,human_evaluations_arm_9,"2024-11-20 20:09:47","2024-11-20 20:20:09"
1087,human_evaluations_arm_10,,
1088,human_evaluations_arm_2,"2024-11-16 16:25:56","2024-11-16 16:32:25"
1088,human_evaluations_arm_3,,
1088,human_evaluations_arm_4,"2024-11-09 04:09:43","2024-11-09 04:17:20"
1088,human_evaluations_arm_5,,
1088,human_evaluations_arm_6,,
1088,human_evaluations_arm_9,"2024-11-20 20:22:29","2024-11-20 20:39:20"
1088,human_evaluations_arm_10,,
1089,human_evaluations_arm_2,"2024-11-16 16:45:32","2024-11-16 16:53:27"
1089,human_evaluations_arm_3,,
1089,human_evaluations_arm_4,,
1089,human_evaluations_arm_5,,
1089,human_evaluations_arm_6,,
1089,human_evaluations_arm_9,"2024-11-20 20:40:56","2024-11-20 20:54:00"
1089,human_evaluations_arm_10,,
1090,human_evaluations_arm_2,"2024-11-16 16:54:48","2024-11-16 17:00:02"
1090,human_evaluations_arm_3,,
1090,human_evaluations_arm_4,,
1090,human_evaluations_arm_5,,
1090,human_evaluations_arm_6,,
1090,human_evaluations_arm_9,"2024-11-21 12:24:55","2024-11-21 12:45:44"
1090,human_evaluations_arm_10,,
1091,human_evaluations_arm_2,"2024-11-17 09:00:51","2024-11-17 09:09:59"
1091,human_evaluations_arm_3,,
1091,human_evaluations_arm_4,,
1091,human_evaluations_arm_5,,
1091,human_evaluations_arm_6,,
1091,human_evaluations_arm_9,"2024-11-21 13:00:59","2024-11-21 13:12:27"
1091,human_evaluations_arm_10,,
1092,human_evaluations_arm_2,"2024-11-17 13:02:21","2024-11-17 13:10:38"
1092,human_evaluations_arm_3,,
1092,human_evaluations_arm_4,,
1092,human_evaluations_arm_5,,
1092,human_evaluations_arm_6,,
1092,human_evaluations_arm_9,"2024-11-21 13:12:41","2024-11-21 13:39:20"
1092,human_evaluations_arm_10,,
1093,human_evaluations_arm_2,"2024-11-17 14:22:35","2024-11-17 14:29:15"
1093,human_evaluations_arm_3,,
1093,human_evaluations_arm_4,,
1093,human_evaluations_arm_5,,
1093,human_evaluations_arm_6,,
1093,human_evaluations_arm_9,"2024-11-21 13:42:17","2024-11-21 14:03:31"
1093,human_evaluations_arm_10,,
1094,human_evaluations_arm_2,"2024-11-17 14:31:18","2024-11-17 14:35:14"
1094,human_evaluations_arm_3,,
1094,human_evaluations_arm_4,,
1094,human_evaluations_arm_5,,
1094,human_evaluations_arm_6,,
1094,human_evaluations_arm_9,"2024-11-21 14:27:59","2024-11-21 14:38:02"
1094,human_evaluations_arm_10,,
1095,human_evaluations_arm_2,"2024-11-17 14:42:51","2024-11-17 14:47:34"
1095,human_evaluations_arm_3,,
1095,human_evaluations_arm_4,,
1095,human_evaluations_arm_5,,
1095,human_evaluations_arm_6,,
1095,human_evaluations_arm_9,"2024-11-21 14:38:09","2024-11-21 14:49:38"
1095,human_evaluations_arm_10,,
1096,human_evaluations_arm_2,"2024-11-18 08:45:17","2024-11-18 08:48:57"
1096,human_evaluations_arm_3,,
1096,human_evaluations_arm_4,"2024-10-21 21:02:22","2024-10-21 21:11:19"
1096,human_evaluations_arm_5,,
1096,human_evaluations_arm_6,,
1096,human_evaluations_arm_9,"2024-11-21 15:27:52","2024-11-21 15:38:29"
1096,human_evaluations_arm_10,,
1097,human_evaluations_arm_2,"2024-11-18 18:07:29","2024-11-18 18:15:06"
1097,human_evaluations_arm_3,,
1097,human_evaluations_arm_4,"2024-10-31 09:19:28","2024-10-31 09:29:17"
1097,human_evaluations_arm_5,,
1097,human_evaluations_arm_6,,
1097,human_evaluations_arm_9,"2024-11-21 15:38:40","2024-11-21 15:51:34"
1097,human_evaluations_arm_10,,
1098,human_evaluations_arm_2,"2024-11-18 18:17:56","2024-11-18 18:22:58"
1098,human_evaluations_arm_3,,
1098,human_evaluations_arm_4,,
1098,human_evaluations_arm_5,,
1098,human_evaluations_arm_6,,
1098,human_evaluations_arm_9,"2024-11-21 16:23:11","2024-11-21 16:31:09"
1098,human_evaluations_arm_10,,
1099,human_evaluations_arm_2,"2024-11-18 18:24:15","2024-11-18 18:31:13"
1099,human_evaluations_arm_3,,
1099,human_evaluations_arm_4,,
1099,human_evaluations_arm_5,,
1099,human_evaluations_arm_6,,
1099,human_evaluations_arm_9,"2024-11-21 16:33:02","2024-11-21 16:45:04"
1099,human_evaluations_arm_10,,
1100,human_evaluations_arm_2,"2024-11-18 18:31:44","2024-11-18 18:41:02"
1100,human_evaluations_arm_3,,
1100,human_evaluations_arm_4,,
1100,human_evaluations_arm_5,,
1100,human_evaluations_arm_6,,
1100,human_evaluations_arm_9,"2024-11-23 11:26:23","2024-11-23 11:44:01"
1100,human_evaluations_arm_10,,
1101,human_evaluations_arm_2,"2024-11-19 19:59:29","2024-11-19 20:07:57"
1101,human_evaluations_arm_3,,
1101,human_evaluations_arm_4,,
1101,human_evaluations_arm_5,,
1101,human_evaluations_arm_6,,
1101,human_evaluations_arm_9,"2024-11-23 11:44:20","2024-11-23 11:58:10"
1101,human_evaluations_arm_10,,
1102,human_evaluations_arm_2,,"2024-11-20 08:22:11"
1102,human_evaluations_arm_3,,
1102,human_evaluations_arm_4,,
1102,human_evaluations_arm_5,,
1102,human_evaluations_arm_6,,
1102,human_evaluations_arm_9,"2024-11-23 12:01:12","2024-11-23 12:12:06"
1102,human_evaluations_arm_10,,
1103,human_evaluations_arm_2,"2024-11-20 11:16:36","2024-11-20 11:24:12"
1103,human_evaluations_arm_3,,
1103,human_evaluations_arm_4,,
1103,human_evaluations_arm_5,,
1103,human_evaluations_arm_6,,
1103,human_evaluations_arm_9,"2024-11-23 12:12:20","2024-11-23 12:26:41"
1103,human_evaluations_arm_10,,
1104,human_evaluations_arm_2,"2024-11-20 11:33:35","2024-11-20 11:42:00"
1104,human_evaluations_arm_3,,
1104,human_evaluations_arm_4,,
1104,human_evaluations_arm_5,,
1104,human_evaluations_arm_6,,
1104,human_evaluations_arm_9,"2024-11-23 12:26:56","2024-11-23 12:48:56"
1104,human_evaluations_arm_10,,
1105,human_evaluations_arm_2,"2024-11-20 11:42:34","2024-11-20 11:48:17"
1105,human_evaluations_arm_3,,
1105,human_evaluations_arm_4,,
1105,human_evaluations_arm_5,,
1105,human_evaluations_arm_6,,
1105,human_evaluations_arm_9,"2024-11-23 12:55:10","2024-11-23 13:05:06"
1105,human_evaluations_arm_10,,
1106,human_evaluations_arm_2,"2024-11-20 12:04:52","2024-11-20 12:13:12"
1106,human_evaluations_arm_3,,
1106,human_evaluations_arm_4,,
1106,human_evaluations_arm_5,,
1106,human_evaluations_arm_6,,
1106,human_evaluations_arm_9,"2024-11-23 13:05:13","2024-11-23 13:15:12"
1106,human_evaluations_arm_10,,
1107,human_evaluations_arm_2,"2024-11-20 12:17:32","2024-11-20 12:23:11"
1107,human_evaluations_arm_3,,
1107,human_evaluations_arm_4,,
1107,human_evaluations_arm_5,,
1107,human_evaluations_arm_6,,
1107,human_evaluations_arm_9,"2024-11-23 13:15:29","2024-11-23 13:27:06"
1107,human_evaluations_arm_10,,
1108,human_evaluations_arm_2,"2024-11-20 12:23:47","2024-11-20 12:28:34"
1108,human_evaluations_arm_3,,
1108,human_evaluations_arm_4,,
1108,human_evaluations_arm_5,,
1108,human_evaluations_arm_6,,
1108,human_evaluations_arm_9,"2024-11-23 13:28:25","2024-11-23 13:41:39"
1108,human_evaluations_arm_10,,
1109,human_evaluations_arm_2,"2024-11-20 14:10:37","2024-11-20 14:13:46"
1109,human_evaluations_arm_3,,
1109,human_evaluations_arm_4,,
1109,human_evaluations_arm_5,,
1109,human_evaluations_arm_6,,
1109,human_evaluations_arm_9,"2024-11-23 13:41:45","2024-11-23 13:48:14"
1109,human_evaluations_arm_10,,
1110,human_evaluations_arm_2,"2024-11-20 14:15:53","2024-11-20 14:23:26"
1110,human_evaluations_arm_3,,
1110,human_evaluations_arm_4,,
1110,human_evaluations_arm_5,,
1110,human_evaluations_arm_6,,
1110,human_evaluations_arm_9,"2024-11-23 14:14:37","2024-11-23 14:25:04"
1110,human_evaluations_arm_10,,
1111,human_evaluations_arm_2,"2024-11-20 14:26:05","2024-11-20 14:30:23"
1111,human_evaluations_arm_3,,
1111,human_evaluations_arm_4,,
1111,human_evaluations_arm_5,,
1111,human_evaluations_arm_6,,
1111,human_evaluations_arm_9,"2024-11-23 14:25:13","2024-11-23 14:34:05"
1111,human_evaluations_arm_10,,
1112,human_evaluations_arm_2,"2024-11-20 14:32:16","2024-11-20 14:37:09"
1112,human_evaluations_arm_3,,
1112,human_evaluations_arm_4,,
1112,human_evaluations_arm_5,,
1112,human_evaluations_arm_6,,
1112,human_evaluations_arm_9,"2024-11-23 14:37:34","2024-11-23 14:43:13"
1112,human_evaluations_arm_10,,
1113,human_evaluations_arm_2,"2024-11-20 14:37:31","2024-11-20 14:43:15"
1113,human_evaluations_arm_3,,
1113,human_evaluations_arm_4,,
1113,human_evaluations_arm_5,,
1113,human_evaluations_arm_6,,
1113,human_evaluations_arm_9,"2024-11-23 14:46:52","2024-11-23 14:56:30"
1113,human_evaluations_arm_10,,
1114,human_evaluations_arm_2,"2024-11-20 14:47:22","2024-11-20 14:53:16"
1114,human_evaluations_arm_3,,
1114,human_evaluations_arm_4,,
1114,human_evaluations_arm_5,,
1114,human_evaluations_arm_6,,
1114,human_evaluations_arm_9,"2024-11-23 14:58:32","2024-11-23 15:15:17"
1114,human_evaluations_arm_10,,
1115,human_evaluations_arm_2,"2024-11-20 14:55:17","2024-11-20 15:00:43"
1115,human_evaluations_arm_3,,
1115,human_evaluations_arm_4,,
1115,human_evaluations_arm_5,,
1115,human_evaluations_arm_6,,
1115,human_evaluations_arm_9,"2024-11-23 15:19:34","2024-11-23 15:25:14"
1115,human_evaluations_arm_10,,
1116,human_evaluations_arm_2,,"2024-11-20 15:21:57"
1116,human_evaluations_arm_3,,
1116,human_evaluations_arm_4,,
1116,human_evaluations_arm_5,,
1116,human_evaluations_arm_6,,
1116,human_evaluations_arm_9,"2024-11-23 15:25:38","2024-11-23 15:34:03"
1116,human_evaluations_arm_10,,
1117,human_evaluations_arm_2,"2024-11-20 15:23:04","2024-11-20 15:28:56"
1117,human_evaluations_arm_3,,
1117,human_evaluations_arm_4,,
1117,human_evaluations_arm_5,,
1117,human_evaluations_arm_6,,
1117,human_evaluations_arm_9,"2024-11-23 15:36:23","2024-11-23 15:44:44"
1117,human_evaluations_arm_10,,
1118,human_evaluations_arm_2,"2024-11-20 15:34:35","2024-11-20 15:43:51"
1118,human_evaluations_arm_3,,
1118,human_evaluations_arm_4,,
1118,human_evaluations_arm_5,,
1118,human_evaluations_arm_6,,
1118,human_evaluations_arm_9,"2024-11-23 15:48:56","2024-11-23 16:01:22"
1118,human_evaluations_arm_10,,
1119,human_evaluations_arm_2,"2024-11-20 15:44:12","2024-11-20 15:45:29"
1119,human_evaluations_arm_3,,
1119,human_evaluations_arm_4,,
1119,human_evaluations_arm_5,,
1119,human_evaluations_arm_6,,
1119,human_evaluations_arm_9,"2024-11-23 16:01:32","2024-11-23 16:10:53"
1119,human_evaluations_arm_10,,
1120,human_evaluations_arm_2,"2024-11-20 15:45:47","2024-11-20 15:53:00"
1120,human_evaluations_arm_3,,
1120,human_evaluations_arm_4,,
1120,human_evaluations_arm_5,,
1120,human_evaluations_arm_6,,
1120,human_evaluations_arm_9,"2024-11-24 11:19:05","2024-11-24 11:38:54"
1120,human_evaluations_arm_10,,
1121,human_evaluations_arm_2,,
1121,human_evaluations_arm_3,,
1121,human_evaluations_arm_4,,
1121,human_evaluations_arm_5,,
1121,human_evaluations_arm_6,,
1121,human_evaluations_arm_9,"2024-11-24 11:39:08","2024-11-24 11:50:34"
1121,human_evaluations_arm_10,,
1122,human_evaluations_arm_2,,
1122,human_evaluations_arm_3,,
1122,human_evaluations_arm_4,,
1122,human_evaluations_arm_5,,
1122,human_evaluations_arm_6,,
1122,human_evaluations_arm_9,"2024-11-24 11:51:23","2024-11-24 12:01:06"
1122,human_evaluations_arm_10,,
1123,human_evaluations_arm_2,,
1123,human_evaluations_arm_3,,
1123,human_evaluations_arm_4,,
1123,human_evaluations_arm_5,,
1123,human_evaluations_arm_6,,
1123,human_evaluations_arm_9,"2024-11-24 12:01:15","2024-11-24 12:11:14"
1123,human_evaluations_arm_10,,
1124,human_evaluations_arm_2,,
1124,human_evaluations_arm_3,,
1124,human_evaluations_arm_4,,
1124,human_evaluations_arm_5,,
1124,human_evaluations_arm_6,,
1124,human_evaluations_arm_9,"2024-11-24 12:11:47","2024-11-24 12:19:13"
1124,human_evaluations_arm_10,,
1125,human_evaluations_arm_2,,
1125,human_evaluations_arm_3,,
1125,human_evaluations_arm_4,,
1125,human_evaluations_arm_5,,
1125,human_evaluations_arm_6,,
1125,human_evaluations_arm_9,"2024-11-24 12:51:23","2024-11-24 13:04:53"
1125,human_evaluations_arm_10,,
1126,human_evaluations_arm_2,,
1126,human_evaluations_arm_3,,
1126,human_evaluations_arm_4,,
1126,human_evaluations_arm_5,,
1126,human_evaluations_arm_6,,
1126,human_evaluations_arm_9,"2024-11-24 13:05:00","2024-11-24 13:16:26"
1126,human_evaluations_arm_10,,
1127,human_evaluations_arm_2,,
1127,human_evaluations_arm_3,,
1127,human_evaluations_arm_4,,
1127,human_evaluations_arm_5,,
1127,human_evaluations_arm_6,,
1127,human_evaluations_arm_9,"2024-11-24 13:16:38","2024-11-24 13:36:57"
1127,human_evaluations_arm_10,,
1128,human_evaluations_arm_2,,
1128,human_evaluations_arm_3,,
1128,human_evaluations_arm_4,,
1128,human_evaluations_arm_5,,
1128,human_evaluations_arm_6,,
1128,human_evaluations_arm_9,"2024-11-24 13:37:08","2024-11-24 13:53:48"
1128,human_evaluations_arm_10,,
1129,human_evaluations_arm_2,,
1129,human_evaluations_arm_3,,
1129,human_evaluations_arm_4,,
1129,human_evaluations_arm_5,,
1129,human_evaluations_arm_6,,
1129,human_evaluations_arm_9,"2024-11-24 13:54:17","2024-11-24 14:05:34"
1129,human_evaluations_arm_10,,
1130,human_evaluations_arm_2,,
1130,human_evaluations_arm_3,,
1130,human_evaluations_arm_4,,
1130,human_evaluations_arm_5,,
1130,human_evaluations_arm_6,,
1130,human_evaluations_arm_9,"2024-11-24 15:07:52","2024-11-24 15:24:04"
1130,human_evaluations_arm_10,,
1131,human_evaluations_arm_2,,
1131,human_evaluations_arm_3,,
1131,human_evaluations_arm_4,,
1131,human_evaluations_arm_5,,
1131,human_evaluations_arm_6,,
1131,human_evaluations_arm_9,"2024-11-24 15:24:12","2024-11-24 15:31:32"
1131,human_evaluations_arm_10,,
1132,human_evaluations_arm_2,,
1132,human_evaluations_arm_3,,
1132,human_evaluations_arm_4,,
1132,human_evaluations_arm_5,,
1132,human_evaluations_arm_6,,
1132,human_evaluations_arm_9,"2024-11-24 15:43:23","2024-11-24 15:56:03"
1132,human_evaluations_arm_10,,
1133,human_evaluations_arm_2,,
1133,human_evaluations_arm_3,,
1133,human_evaluations_arm_4,,
1133,human_evaluations_arm_5,,
1133,human_evaluations_arm_6,,
1133,human_evaluations_arm_9,"2024-11-24 15:56:18","2024-11-24 16:06:21"
1133,human_evaluations_arm_10,,
1134,human_evaluations_arm_2,,
1134,human_evaluations_arm_3,,
1134,human_evaluations_arm_4,,
1134,human_evaluations_arm_5,,
1134,human_evaluations_arm_6,,
1134,human_evaluations_arm_9,"2024-11-24 16:06:37","2024-11-24 16:21:01"
1134,human_evaluations_arm_10,,
1135,human_evaluations_arm_2,,
1135,human_evaluations_arm_3,,
1135,human_evaluations_arm_4,,
1135,human_evaluations_arm_5,,
1135,human_evaluations_arm_6,,
1135,human_evaluations_arm_9,"2024-11-24 16:22:45","2024-11-24 16:33:52"
1135,human_evaluations_arm_10,,
1136,human_evaluations_arm_2,,
1136,human_evaluations_arm_3,,
1136,human_evaluations_arm_4,,
1136,human_evaluations_arm_5,,
1136,human_evaluations_arm_6,,
1136,human_evaluations_arm_9,"2024-11-24 16:35:18","2024-11-24 16:46:14"
1136,human_evaluations_arm_10,,
1137,human_evaluations_arm_2,,
1137,human_evaluations_arm_3,,
1137,human_evaluations_arm_4,,
1137,human_evaluations_arm_5,,
1137,human_evaluations_arm_6,,
1137,human_evaluations_arm_9,"2024-11-24 16:46:27","2024-11-24 16:51:42"
1137,human_evaluations_arm_10,,
1138,human_evaluations_arm_2,,
1138,human_evaluations_arm_3,"2024-10-23 07:59:34",
1138,human_evaluations_arm_4,"2024-10-18 08:47:45","2024-10-18 09:01:30"
1138,human_evaluations_arm_5,,
1138,human_evaluations_arm_6,"2024-11-20 14:05:44","2024-11-20 14:15:59"
1138,human_evaluations_arm_9,"2024-10-18 10:48:30","2024-10-18 11:13:41"
1138,human_evaluations_arm_10,"2024-10-22 10:17:10","2024-10-22 10:29:30"
1139,human_evaluations_arm_2,,
1139,human_evaluations_arm_3,,
1139,human_evaluations_arm_4,,
1139,human_evaluations_arm_5,,
1139,human_evaluations_arm_6,,
1139,human_evaluations_arm_9,"2024-11-24 16:52:03","2024-11-24 17:04:01"
1139,human_evaluations_arm_10,,
1140,human_evaluations_arm_2,,
1140,human_evaluations_arm_3,,
1140,human_evaluations_arm_4,,
1140,human_evaluations_arm_5,,
1140,human_evaluations_arm_6,,
1140,human_evaluations_arm_9,"2024-11-25 07:51:48","2024-11-25 07:58:24"
1140,human_evaluations_arm_10,,
1141,human_evaluations_arm_2,,
1141,human_evaluations_arm_3,,
1141,human_evaluations_arm_4,,
1141,human_evaluations_arm_5,,
1141,human_evaluations_arm_6,,
1141,human_evaluations_arm_9,"2024-11-25 07:58:45","2024-11-25 08:14:38"
1141,human_evaluations_arm_10,,
1142,human_evaluations_arm_2,,
1142,human_evaluations_arm_3,,
1142,human_evaluations_arm_4,,
1142,human_evaluations_arm_5,,
1142,human_evaluations_arm_6,,
1142,human_evaluations_arm_9,"2024-11-25 08:14:44","2024-11-25 08:31:08"
1142,human_evaluations_arm_10,,
1143,human_evaluations_arm_2,,
1143,human_evaluations_arm_3,,
1143,human_evaluations_arm_4,,
1143,human_evaluations_arm_5,,
1143,human_evaluations_arm_6,,
1143,human_evaluations_arm_9,"2024-11-25 08:36:04","2024-11-25 08:45:47"
1143,human_evaluations_arm_10,,
1144,human_evaluations_arm_2,,
1144,human_evaluations_arm_3,,
1144,human_evaluations_arm_4,,
1144,human_evaluations_arm_5,,
1144,human_evaluations_arm_6,,
1144,human_evaluations_arm_9,"2024-11-25 08:46:01","2024-11-25 09:00:08"
1144,human_evaluations_arm_10,,
1145,human_evaluations_arm_2,,
1145,human_evaluations_arm_3,,
1145,human_evaluations_arm_4,,
1145,human_evaluations_arm_5,,
1145,human_evaluations_arm_6,,
1145,human_evaluations_arm_9,"2024-11-25 09:13:31","2024-11-25 09:19:38"
1145,human_evaluations_arm_10,,
1146,human_evaluations_arm_2,,
1146,human_evaluations_arm_3,,
1146,human_evaluations_arm_4,,
1146,human_evaluations_arm_5,,
1146,human_evaluations_arm_6,,
1146,human_evaluations_arm_9,"2024-11-25 09:21:14","2024-11-25 09:29:50"
1146,human_evaluations_arm_10,,
1147,human_evaluations_arm_2,,
1147,human_evaluations_arm_3,,
1147,human_evaluations_arm_4,,
1147,human_evaluations_arm_5,,
1147,human_evaluations_arm_6,,
1147,human_evaluations_arm_9,"2024-11-25 09:47:10",
1147,human_evaluations_arm_10,,
1148,human_evaluations_arm_2,,
1148,human_evaluations_arm_3,,
1148,human_evaluations_arm_4,,
1148,human_evaluations_arm_5,,
1148,human_evaluations_arm_6,,
1148,human_evaluations_arm_9,"2024-11-25 10:18:53","2024-11-25 10:29:39"
1148,human_evaluations_arm_10,,
1149,human_evaluations_arm_2,,
1149,human_evaluations_arm_3,,
1149,human_evaluations_arm_4,,
1149,human_evaluations_arm_5,,
1149,human_evaluations_arm_6,,
1149,human_evaluations_arm_9,"2024-11-25 10:29:53","2024-11-25 10:45:55"
1149,human_evaluations_arm_10,,
1150,human_evaluations_arm_2,,
1150,human_evaluations_arm_3,,
1150,human_evaluations_arm_4,,
1150,human_evaluations_arm_5,,
1150,human_evaluations_arm_6,,
1150,human_evaluations_arm_9,"2024-11-25 10:55:13","2024-11-25 11:09:30"
1150,human_evaluations_arm_10,,
1151,human_evaluations_arm_2,,
1151,human_evaluations_arm_3,,
1151,human_evaluations_arm_4,,
1151,human_evaluations_arm_5,,
1151,human_evaluations_arm_6,,
1151,human_evaluations_arm_9,"2024-11-25 11:50:43","2024-11-25 11:58:33"
1151,human_evaluations_arm_10,,
1152,human_evaluations_arm_2,,
1152,human_evaluations_arm_3,,
1152,human_evaluations_arm_4,,
1152,human_evaluations_arm_5,,
1152,human_evaluations_arm_6,,
1152,human_evaluations_arm_9,"2024-11-25 12:02:44","2024-11-25 12:13:11"
1152,human_evaluations_arm_10,,
1153,human_evaluations_arm_2,,
1153,human_evaluations_arm_3,,
1153,human_evaluations_arm_4,,
1153,human_evaluations_arm_5,,
1153,human_evaluations_arm_6,,
1153,human_evaluations_arm_9,"2024-11-25 12:17:52","2024-11-25 12:26:33"
1153,human_evaluations_arm_10,,
1154,human_evaluations_arm_2,,
1154,human_evaluations_arm_3,,
1154,human_evaluations_arm_4,,
1154,human_evaluations_arm_5,,
1154,human_evaluations_arm_6,,
1154,human_evaluations_arm_9,"2024-11-25 12:32:54","2024-11-25 12:46:45"
1154,human_evaluations_arm_10,,
1155,human_evaluations_arm_2,,
1155,human_evaluations_arm_3,,
1155,human_evaluations_arm_4,,
1155,human_evaluations_arm_5,,
1155,human_evaluations_arm_6,,
1155,human_evaluations_arm_9,"2024-11-25 12:56:27","2024-11-25 13:08:17"
1155,human_evaluations_arm_10,,
1156,human_evaluations_arm_2,,
1156,human_evaluations_arm_3,,
1156,human_evaluations_arm_4,,
1156,human_evaluations_arm_5,,
1156,human_evaluations_arm_6,,
1156,human_evaluations_arm_9,"2024-11-25 13:08:26","2024-11-25 13:28:21"
1156,human_evaluations_arm_10,,
1157,human_evaluations_arm_2,,
1157,human_evaluations_arm_3,,
1157,human_evaluations_arm_4,,
1157,human_evaluations_arm_5,,
1157,human_evaluations_arm_6,,
1157,human_evaluations_arm_9,"2024-11-26 13:53:37","2024-11-26 14:08:55"
1157,human_evaluations_arm_10,,
1158,human_evaluations_arm_2,,
1158,human_evaluations_arm_3,,
1158,human_evaluations_arm_4,,
1158,human_evaluations_arm_5,,
1158,human_evaluations_arm_6,,
1158,human_evaluations_arm_9,"2024-11-26 14:09:03","2024-11-26 14:22:08"
1158,human_evaluations_arm_10,,
1159,human_evaluations_arm_2,,
1159,human_evaluations_arm_3,,
1159,human_evaluations_arm_4,,
1159,human_evaluations_arm_5,,
1159,human_evaluations_arm_6,,
1159,human_evaluations_arm_9,"2024-11-26 14:22:16","2024-11-26 14:29:32"
1159,human_evaluations_arm_10,,
1160,human_evaluations_arm_2,,
1160,human_evaluations_arm_3,,
1160,human_evaluations_arm_4,,
1160,human_evaluations_arm_5,,
1160,human_evaluations_arm_6,,
1160,human_evaluations_arm_9,"2024-11-26 14:29:52","2024-11-26 14:44:44"
1160,human_evaluations_arm_10,,
1161,human_evaluations_arm_2,,
1161,human_evaluations_arm_3,,
1161,human_evaluations_arm_4,,
1161,human_evaluations_arm_5,,
1161,human_evaluations_arm_6,,
1161,human_evaluations_arm_9,"2024-11-26 14:45:43","2024-11-26 14:56:01"
1161,human_evaluations_arm_10,,
1162,human_evaluations_arm_2,,
1162,human_evaluations_arm_3,,
1162,human_evaluations_arm_4,,
1162,human_evaluations_arm_5,,
1162,human_evaluations_arm_6,,
1162,human_evaluations_arm_9,"2024-11-26 14:58:31","2024-11-26 15:17:45"
1162,human_evaluations_arm_10,,
1163,human_evaluations_arm_2,,
1163,human_evaluations_arm_3,,
1163,human_evaluations_arm_4,,
1163,human_evaluations_arm_5,,
1163,human_evaluations_arm_6,,
1163,human_evaluations_arm_9,"2024-11-27 11:54:20","2024-11-27 12:00:51"
1163,human_evaluations_arm_10,,
1164,human_evaluations_arm_2,,
1164,human_evaluations_arm_3,,
1164,human_evaluations_arm_4,,
1164,human_evaluations_arm_5,,
1164,human_evaluations_arm_6,,
1164,human_evaluations_arm_9,"2024-11-27 12:01:10","2024-11-27 12:13:16"
1164,human_evaluations_arm_10,,
1165,human_evaluations_arm_2,,
1165,human_evaluations_arm_3,,
1165,human_evaluations_arm_4,,
1165,human_evaluations_arm_5,,
1165,human_evaluations_arm_6,,
1165,human_evaluations_arm_9,"2024-11-27 12:13:33","2024-11-27 12:23:22"
1165,human_evaluations_arm_10,,
1166,human_evaluations_arm_2,,
1166,human_evaluations_arm_3,,
1166,human_evaluations_arm_4,,
1166,human_evaluations_arm_5,,
1166,human_evaluations_arm_6,,
1166,human_evaluations_arm_9,"2024-11-27 12:54:40","2024-11-27 12:59:56"
1166,human_evaluations_arm_10,,
1167,human_evaluations_arm_2,,
1167,human_evaluations_arm_3,,
1167,human_evaluations_arm_4,,
1167,human_evaluations_arm_5,,
1167,human_evaluations_arm_6,,
1167,human_evaluations_arm_9,"2024-11-27 13:00:02","2024-11-27 13:10:17"
1167,human_evaluations_arm_10,,
1168,human_evaluations_arm_2,,
1168,human_evaluations_arm_3,,
1168,human_evaluations_arm_4,,
1168,human_evaluations_arm_5,,
1168,human_evaluations_arm_6,,
1168,human_evaluations_arm_9,"2024-11-27 13:11:57","2024-11-27 13:23:24"
1168,human_evaluations_arm_10,,
1169,human_evaluations_arm_2,,
1169,human_evaluations_arm_3,,
1169,human_evaluations_arm_4,,
1169,human_evaluations_arm_5,,
1169,human_evaluations_arm_6,,
1169,human_evaluations_arm_9,"2024-11-27 13:43:41","2024-11-27 14:02:34"
1169,human_evaluations_arm_10,,
1170,human_evaluations_arm_2,,
1170,human_evaluations_arm_3,,
1170,human_evaluations_arm_4,,
1170,human_evaluations_arm_5,,
1170,human_evaluations_arm_6,,
1170,human_evaluations_arm_9,"2024-11-27 14:35:55","2024-11-27 14:44:29"
1170,human_evaluations_arm_10,,
1171,human_evaluations_arm_2,,
1171,human_evaluations_arm_3,,
1171,human_evaluations_arm_4,,
1171,human_evaluations_arm_5,,
1171,human_evaluations_arm_6,,
1171,human_evaluations_arm_9,"2024-11-27 16:04:32","2024-11-27 16:16:09"
1171,human_evaluations_arm_10,,
1172,human_evaluations_arm_2,,
1172,human_evaluations_arm_3,,
1172,human_evaluations_arm_4,,
1172,human_evaluations_arm_5,,
1172,human_evaluations_arm_6,,
1172,human_evaluations_arm_9,"2024-11-27 16:16:21","2024-11-27 16:27:16"
1172,human_evaluations_arm_10,,
1173,human_evaluations_arm_2,,
1173,human_evaluations_arm_3,,
1173,human_evaluations_arm_4,,
1173,human_evaluations_arm_5,,
1173,human_evaluations_arm_6,,
1173,human_evaluations_arm_9,"2024-11-27 16:27:27","2024-11-27 16:40:47"
1173,human_evaluations_arm_10,,
1174,human_evaluations_arm_2,,
1174,human_evaluations_arm_3,,
1174,human_evaluations_arm_4,,
1174,human_evaluations_arm_5,,
1174,human_evaluations_arm_6,,
1174,human_evaluations_arm_9,"2024-11-27 16:41:02","2024-11-27 16:54:17"
1174,human_evaluations_arm_10,,
1175,human_evaluations_arm_2,,
1175,human_evaluations_arm_3,,
1175,human_evaluations_arm_4,,
1175,human_evaluations_arm_5,,
1175,human_evaluations_arm_6,,
1175,human_evaluations_arm_9,"2024-11-27 16:54:28","2024-11-27 17:09:52"
1175,human_evaluations_arm_10,,
1176,human_evaluations_arm_2,,
1176,human_evaluations_arm_3,,
1176,human_evaluations_arm_4,,
1176,human_evaluations_arm_5,,
1176,human_evaluations_arm_6,,
1176,human_evaluations_arm_9,"2024-11-27 17:10:59","2024-11-27 17:19:00"
1176,human_evaluations_arm_10,,
1177,human_evaluations_arm_2,,
1177,human_evaluations_arm_3,,
1177,human_evaluations_arm_4,,
1177,human_evaluations_arm_5,,
1177,human_evaluations_arm_6,,
1177,human_evaluations_arm_9,"2024-11-27 17:19:10","2024-11-27 17:28:12"
1177,human_evaluations_arm_10,,
1178,human_evaluations_arm_2,,
1178,human_evaluations_arm_3,,
1178,human_evaluations_arm_4,,
1178,human_evaluations_arm_5,,
1178,human_evaluations_arm_6,,
1178,human_evaluations_arm_9,"2024-11-27 17:28:23","2024-11-27 17:34:46"
1178,human_evaluations_arm_10,,
1179,human_evaluations_arm_2,,
1179,human_evaluations_arm_3,,
1179,human_evaluations_arm_4,,
1179,human_evaluations_arm_5,,
1179,human_evaluations_arm_6,,
1179,human_evaluations_arm_9,"2024-11-27 17:34:53","2024-11-27 17:42:13"
1179,human_evaluations_arm_10,,
1180,human_evaluations_arm_2,,
1180,human_evaluations_arm_3,,
1180,human_evaluations_arm_4,,
1180,human_evaluations_arm_5,,
1180,human_evaluations_arm_6,,
1180,human_evaluations_arm_9,"2024-11-27 19:33:08","2024-11-27 19:46:57"
1180,human_evaluations_arm_10,,
1181,human_evaluations_arm_2,,
1181,human_evaluations_arm_3,,
1181,human_evaluations_arm_4,,
1181,human_evaluations_arm_5,,
1181,human_evaluations_arm_6,,
1181,human_evaluations_arm_9,"2024-11-27 19:51:07","2024-11-27 20:05:17"
1181,human_evaluations_arm_10,,
1182,human_evaluations_arm_2,,
1182,human_evaluations_arm_3,,
1182,human_evaluations_arm_4,,
1182,human_evaluations_arm_5,,
1182,human_evaluations_arm_6,,
1182,human_evaluations_arm_9,"2024-11-28 12:44:50","2024-11-28 13:03:00"
1182,human_evaluations_arm_10,,
1183,human_evaluations_arm_2,,
1183,human_evaluations_arm_3,,
1183,human_evaluations_arm_4,,
1183,human_evaluations_arm_5,,
1183,human_evaluations_arm_6,,
1183,human_evaluations_arm_9,"2024-11-28 13:10:18","2024-11-28 13:22:56"
1183,human_evaluations_arm_10,,
1184,human_evaluations_arm_2,,
1184,human_evaluations_arm_3,,
1184,human_evaluations_arm_4,,
1184,human_evaluations_arm_5,,
1184,human_evaluations_arm_6,,
1184,human_evaluations_arm_9,"2024-11-28 13:27:03","2024-11-28 13:42:24"
1184,human_evaluations_arm_10,,
1185,human_evaluations_arm_2,,
1185,human_evaluations_arm_3,,
1185,human_evaluations_arm_4,,
1185,human_evaluations_arm_5,,
1185,human_evaluations_arm_6,,
1185,human_evaluations_arm_9,"2024-11-28 13:42:56","2024-11-28 14:05:44"
1185,human_evaluations_arm_10,,
1186,human_evaluations_arm_2,,
1186,human_evaluations_arm_3,,
1186,human_evaluations_arm_4,,
1186,human_evaluations_arm_5,,
1186,human_evaluations_arm_6,,
1186,human_evaluations_arm_9,"2024-11-28 14:08:23","2024-11-28 14:22:43"
1186,human_evaluations_arm_10,,
1187,human_evaluations_arm_2,,
1187,human_evaluations_arm_3,,
1187,human_evaluations_arm_4,,
1187,human_evaluations_arm_5,,
1187,human_evaluations_arm_6,,
1187,human_evaluations_arm_9,"2024-11-28 14:45:42","2024-11-28 14:57:15"
1187,human_evaluations_arm_10,,
1188,human_evaluations_arm_2,,
1188,human_evaluations_arm_3,,
1188,human_evaluations_arm_4,,
1188,human_evaluations_arm_5,,
1188,human_evaluations_arm_6,,
1188,human_evaluations_arm_9,"2024-11-28 14:57:43","2024-11-28 15:14:15"
1188,human_evaluations_arm_10,,
1189,human_evaluations_arm_2,,
1189,human_evaluations_arm_3,,
1189,human_evaluations_arm_4,,
1189,human_evaluations_arm_5,,
1189,human_evaluations_arm_6,,
1189,human_evaluations_arm_9,"2024-11-28 15:14:41","2024-11-28 15:21:50"
1189,human_evaluations_arm_10,,
1190,human_evaluations_arm_2,,
1190,human_evaluations_arm_3,,
1190,human_evaluations_arm_4,,
1190,human_evaluations_arm_5,,
1190,human_evaluations_arm_6,,
1190,human_evaluations_arm_9,"2024-11-28 15:45:38","2024-11-28 15:59:33"
1190,human_evaluations_arm_10,,
1191,human_evaluations_arm_2,,
1191,human_evaluations_arm_3,,
1191,human_evaluations_arm_4,,
1191,human_evaluations_arm_5,,
1191,human_evaluations_arm_6,,
1191,human_evaluations_arm_9,"2024-11-28 16:00:17","2024-11-28 16:10:36"
1191,human_evaluations_arm_10,,
1192,human_evaluations_arm_2,,
1192,human_evaluations_arm_3,,
1192,human_evaluations_arm_4,,
1192,human_evaluations_arm_5,,
1192,human_evaluations_arm_6,,
1192,human_evaluations_arm_9,"2024-12-01 14:53:59","2024-12-01 15:09:13"
1192,human_evaluations_arm_10,,
1193,human_evaluations_arm_2,,
1193,human_evaluations_arm_3,,
1193,human_evaluations_arm_4,,
1193,human_evaluations_arm_5,,
1193,human_evaluations_arm_6,,
1193,human_evaluations_arm_9,"2024-12-01 15:09:22","2024-12-01 15:16:42"
1193,human_evaluations_arm_10,,
1194,human_evaluations_arm_2,,
1194,human_evaluations_arm_3,,
1194,human_evaluations_arm_4,,
1194,human_evaluations_arm_5,,
1194,human_evaluations_arm_6,,
1194,human_evaluations_arm_9,"2024-12-01 15:16:54","2024-12-01 15:29:55"
1194,human_evaluations_arm_10,,
1195,human_evaluations_arm_2,,
1195,human_evaluations_arm_3,,
1195,human_evaluations_arm_4,,
1195,human_evaluations_arm_5,,
1195,human_evaluations_arm_6,,
1195,human_evaluations_arm_9,"2024-12-01 15:30:02","2024-12-01 15:41:29"
1195,human_evaluations_arm_10,,
1196,human_evaluations_arm_2,,
1196,human_evaluations_arm_3,"2024-10-22 21:21:22","2024-10-22 21:53:10"
1196,human_evaluations_arm_4,"2024-10-21 21:12:21","2024-10-21 21:30:01"
1196,human_evaluations_arm_5,,
1196,human_evaluations_arm_6,"2024-11-20 11:09:37","2024-11-20 11:30:28"
1196,human_evaluations_arm_9,"2024-10-18 11:46:54","2024-10-18 12:12:19"
1196,human_evaluations_arm_10,"2024-10-22 10:46:02","2024-10-22 11:02:53"
1197,human_evaluations_arm_2,,
1197,human_evaluations_arm_3,,
1197,human_evaluations_arm_4,,
1197,human_evaluations_arm_5,,
1197,human_evaluations_arm_6,,
1197,human_evaluations_arm_9,"2024-12-01 15:41:42","2024-12-01 15:50:49"
1197,human_evaluations_arm_10,,
1198,human_evaluations_arm_2,,
1198,human_evaluations_arm_3,,
1198,human_evaluations_arm_4,"2024-10-22 07:31:37","2024-10-22 07:53:28"
1198,human_evaluations_arm_5,,
1198,human_evaluations_arm_6,"2024-11-20 13:45:21","2024-11-20 14:03:50"
1198,human_evaluations_arm_9,"2024-10-18 12:18:09","2024-10-18 12:32:29"
1198,human_evaluations_arm_10,"2024-10-22 19:27:22","2024-10-22 19:39:20"
1199,human_evaluations_arm_2,,
1199,human_evaluations_arm_3,,
1199,human_evaluations_arm_4,,
1199,human_evaluations_arm_5,,
1199,human_evaluations_arm_6,,
1199,human_evaluations_arm_9,"2024-11-28 16:11:45","2024-11-28 16:17:41"
1199,human_evaluations_arm_10,,
